id,name
AZOLNCI5GS0EX,Basi6 InternationalBasi6 International
ATVPDKIKX0DER,worldofbooksinc
ATVPDKIKX0DER,saveherenow
ATVPDKIKX0DER,owl_of_minerva_books
ATVPDKIKX0DER,illventure
ATVPDKIKX0DER,goodwill_ind_of_mid_tn
ATVPDKIKX0DER,glenthebookseller
ATVPDKIKX0DER,giggil
ATVPDKIKX0DER,gatecitybooks
ATVPDKIKX0DER,desert18
ATVPDKIKX0DER,cratehog
ATVPDKIKX0DER,big_river_books
ATVPDKIKX0DER,ZBK Books
ATVPDKIKX0DER,YMCA at Virginia Tech Thrift Shop
ATVPDKIKX0DER,YHHWORLDREAD
ATVPDKIKX0DER,Viv√© Liber Books LLC
ATVPDKIKX0DER,Village Books & Media
ATVPDKIKX0DER,Valleys Books & More
ATVPDKIKX0DER,VMG Books & Media
ATVPDKIKX0DER,TrustedMarketing
ATVPDKIKX0DER,Treasures & Goods
ATVPDKIKX0DER,ThriftBooks-Reno
ATVPDKIKX0DER,The BookBank
ATVPDKIKX0DER,TLF Company
ATVPDKIKX0DER,Surfin' Jonny's Used Books.
ATVPDKIKX0DER,SpotlightBooks
ATVPDKIKX0DER,Seattlegoodwill
ATVPDKIKX0DER,Sayvmore
ATVPDKIKX0DER,SIMYAH
ATVPDKIKX0DER,Rye Berry Books
ATVPDKIKX0DER,Rich Media Direct
ATVPDKIKX0DER,Ricehoppers13
ATVPDKIKX0DER,Reuseaworld
ATVPDKIKX0DER,Retaliation Resale
ATVPDKIKX0DER,Red Pool
ATVPDKIKX0DER,Rebound Media
ATVPDKIKX0DER,R&K Accounting
ATVPDKIKX0DER,Prime 1 Books
ATVPDKIKX0DER,Open Books
ATVPDKIKX0DER,Old Cary Books
ATVPDKIKX0DER,Novatechs
ATVPDKIKX0DER,Nextgenbooks
ATVPDKIKX0DER,Murfbooks
ATVPDKIKX0DER,Mortuus Books
ATVPDKIKX0DER,Momma's Media
ATVPDKIKX0DER,MollyinTexas
ATVPDKIKX0DER,Missouri_Goodwill_Industries
ATVPDKIKX0DER,MediaFlow
ATVPDKIKX0DER,Media Relay LLC
ATVPDKIKX0DER,MaddysAttic2019
ATVPDKIKX0DER,Luxifi
ATVPDKIKX0DER,KathrynAshleyGallery
ATVPDKIKX0DER,KJS Direct
ATVPDKIKX0DER,Joe's Online Emporium
ATVPDKIKX0DER,Jerz Products LLC
ATVPDKIKX0DER,Jenson Books Inc.
ATVPDKIKX0DER,Jenson Books Inc
ATVPDKIKX0DER,Ivy_League_Books
ATVPDKIKX0DER,Housing Works Online Bookstore
ATVPDKIKX0DER,HarryBat
ATVPDKIKX0DER,Great Time Books
ATVPDKIKX0DER,Goodwill of North Georgia
ATVPDKIKX0DER,Goodwill of Colorado
ATVPDKIKX0DER,Goodwill Minnesota
ATVPDKIKX0DER,Goodwill Industries of Southern Nevada
ATVPDKIKX0DER,GG 10 LLC
ATVPDKIKX0DER,Frank C Fluharty
ATVPDKIKX0DER,FindAnyBook
ATVPDKIKX0DER,Find It HERE For LESS
ATVPDKIKX0DER,Fast Same Day Products
ATVPDKIKX0DER,EZSHOP7
ATVPDKIKX0DER,Clickgoodwill
ATVPDKIKX0DER,California Book Bag
ATVPDKIKX0DER,Books and Books Etc.
ATVPDKIKX0DER,Blessed Book
ATVPDKIKX0DER,Bibliopolium LLC
ATVPDKIKX0DER,Benjamins Bookshelf
ATVPDKIKX0DER,Bear Books Outlet
ATVPDKIKX0DER,Bahamut Media
ATVPDKIKX0DER,B&D ENTERPRISES LLC
ATVPDKIKX0DER,Artemis Speed
ATVPDKIKX0DER,Amazon Warehouse
ATVPDKIKX0DER,Amazon
ATVPDKIKX0DER,Alston & Oak
ATVPDKIKX0DER,Alex BooksandMore
ATVPDKIKX0DER,AZ e-slinger
ATVPDKIKX0DER,AP Books and More
ATVPDKIKX0DER,AJ's Pop-up Shop
ATVPDKIKX0DER,-OnTimeBooks-
ATVPDKIKX0DER,"James River Sales, LLC"
ATVPDKIKX0DER,"Goodwill Retail Services, Inc."
ATVPDKIKX0DER,"Goodwill Industries - Big Bend, Inc."
AI52QYRZ75KGI,DuctTape LaneDuctTape Lane-OnTimeBooks-
AD4OCGA82CJ4V,Lower-Christian-PricesLower-Christian-Prices
A3VDBZQBPSHJYL,Learning with BooksLearning with BooksJenson Books Inc
A3RWNCIC4F4RRY,XpressDealsUSXpressDealsUSManor379
A3J0TXP0S3TWCN,P&G CONCEPTP&G CONCEPTBeyond Compare Store
A3420Q4BSHRD7X,ThiBsThiBs
A30UH7RV1UCIV3,tabletoparttabletopart
A2LV0SRZBF8L1P,BOOKS etc. _BOOKS etc. _
A2KFQ672Z6FN1W,DTXMARKETSDTXMARKETSGREENWORLD BOOKS
A25X5FLQ1MMXNX,TheWorldShopUSATheWorldShopUSA
A1RX8T1COSPQUU,medialeadersmedialeaders
A1OUQDLXYX7Q0J,TIP TOP STORETIP TOP STOREDesert Pueblo Books
A10PKMS7VWJCNG,desert18desert18HarryBat
